{
    "loss": 24.212268829345703,
    "accuracy": 0.30219781398773193
}