{
    "loss": 0.6195487380027771,
    "accuracy": 0.901098906993866
}