{
    "loss": 21.297290802001953,
    "accuracy": 0.3901098966598511
}