{
    "loss": 31.34395408630371,
    "accuracy": 0.2527472674846649
}